race_date,race_date_citation,track_name,track_name_citation,race_number,race_number_citation,chart_url,chart_url_citation,winning_horse,winning_horse_citation,payouts,fractional_times
01/04/2026,https://www.equibase.com/static/chart/summary/AQU010426USA1-EQB.html,AQUEDUCT,https://www.equibase.com/static/chart/summary/AQU010426USA1-EQB.html,1,https://www.equibase.com/static/chart/summary/AQU010426USA1-EQB.html,https://www.equibase.com/premium/chartEmb.cfm?track=AQU&raceDate=01/04/2026&cy=USA&rn=1,https://www.equibase.com/static/chart/summary/AQU010426USA1-EQB.html,Crossingthechannel,https://www.equibase.com/static/chart/summary/AQU010426USA1-EQB.html,,
01/04/2026,https://www.equibase.com/static/chart/summary/AQU010426USA2-EQB.html,AQUEDUCT,https://www.equibase.com/static/chart/summary/AQU010426USA2-EQB.html,2,https://www.equibase.com/static/chart/summary/AQU010426USA2-EQB.html,https://www.equibase.com/premium/chartEmb.cfm?track=AQU&raceDate=01/04/2026&cy=USA&rn=2,https://www.equibase.com/static/chart/summary/AQU010426USA2-EQB.html,Otherpeoplesmoney,https://www.equibase.com/static/chart/summary/AQU010426USA2-EQB.html,,
01/04/2026,https://www.equibase.com/static/chart/summary/AQU010426USA3-EQB.html,AQUEDUCT,https://www.equibase.com/static/chart/summary/AQU010426USA3-EQB.html,3,https://www.equibase.com/static/chart/summary/AQU010426USA3-EQB.html,https://www.equibase.com/premium/chartEmb.cfm?track=AQU&raceDate=01/04/2026&cy=USA&rn=3,https://www.equibase.com/static/chart/summary/AQU010426USA3-EQB.html,Romeo Void,https://www.equibase.com/static/chart/summary/AQU010426USA3-EQB.html,,
01/04/2026,https://www.equibase.com/static/chart/summary/AQU010426USA4-EQB.html,AQUEDUCT,https://www.equibase.com/static/chart/summary/AQU010426USA4-EQB.html,4,https://www.equibase.com/static/chart/summary/AQU010426USA4-EQB.html,https://www.equibase.com/premium/chartEmb.cfm?track=AQU&raceDate=01/04/2026&cy=USA&rn=4,https://www.equibase.com/static/chart/summary/AQU010426USA4-EQB.html,National Identity,https://www.equibase.com/static/chart/summary/AQU010426USA4-EQB.html,,
01/04/2026,https://www.equibase.com/static/chart/summary/AQU010426USA5-EQB.html,AQUEDUCT,https://www.equibase.com/static/chart/summary/AQU010426USA5-EQB.html,5,https://www.equibase.com/static/chart/summary/AQU010426USA5-EQB.html,https://www.equibase.com/premium/chartEmb.cfm?track=AQU&raceDate=01/04/2026&cy=USA&rn=5,https://www.equibase.com/static/chart/summary/AQU010426USA5-EQB.html,Autumn's Turn,https://www.equibase.com/static/chart/summary/AQU010426USA5-EQB.html,,
01/04/2026,https://www.equibase.com/static/chart/summary/AQU010426USA6-EQB.html,AQUEDUCT,https://www.equibase.com/static/chart/summary/AQU010426USA6-EQB.html,6,https://www.equibase.com/static/chart/summary/AQU010426USA6-EQB.html,https://www.equibase.com/premium/chartEmb.cfm?track=AQU&raceDate=01/04/2026&cy=USA&rn=6,https://www.equibase.com/static/chart/summary/AQU010426USA6-EQB.html,Princess Wadadli,https://www.equibase.com/static/chart/summary/AQU010426USA6-EQB.html,,
01/04/2026,https://www.equibase.com/static/chart/summary/AQU010426USA7-EQB.html,AQUEDUCT,https://www.equibase.com/static/chart/summary/AQU010426USA7-EQB.html,7,https://www.equibase.com/static/chart/summary/AQU010426USA7-EQB.html,https://www.equibase.com/premium/chartEmb.cfm?track=AQU&raceDate=01/04/2026&cy=USA&rn=7,https://www.equibase.com/static/chart/summary/AQU010426USA7-EQB.html,Purloin,https://www.equibase.com/static/chart/summary/AQU010426USA7-EQB.html,,
01/04/2026,https://www.equibase.com/static/chart/summary/AQU010426USA8-EQB.html,AQUEDUCT,https://www.equibase.com/static/chart/summary/AQU010426USA8-EQB.html,8,https://www.equibase.com/static/chart/summary/AQU010426USA8-EQB.html,https://www.equibase.com/premium/chartEmb.cfm?track=AQU&raceDate=01/04/2026&cy=USA&rn=8,https://www.equibase.com/static/chart/summary/AQU010426USA8-EQB.html,Carlin Contention,https://www.equibase.com/static/chart/summary/AQU010426USA8-EQB.html,,
01/04/2026,https://www.equibase.com/static/chart/summary/FG010426USA1-EQB.html,FG,https://www.equibase.com/static/chart/summary/FG010426USA1-EQB.html,1,https://www.equibase.com/static/chart/summary/FG010426USA1-EQB.html,https://www.equibase.com/premium/chartEmb.cfm?track=FG&raceDate=01/04/2026&cy=USA&rn=1,https://www.equibase.com/static/chart/summary/FG010426USA1-EQB.html,Regatta Bay,https://www.equibase.com/static/chart/summary/FG010426USA1-EQB.html,,
01/04/2026,https://www.equibase.com/static/chart/summary/FG010426USA2-EQB.html,FG,https://www.equibase.com/static/chart/summary/FG010426USA2-EQB.html,2,https://www.equibase.com/static/chart/summary/FG010426USA2-EQB.html,https://www.equibase.com/premium/chartEmb.cfm?track=FG&raceDate=01/04/2026&cy=USA&rn=2,https://www.equibase.com/static/chart/summary/FG010426USA2-EQB.html,Steel Venom,https://www.equibase.com/static/chart/summary/FG010426USA2-EQB.html,,
01/04/2026,https://www.equibase.com/static/chart/summary/FG010426USA3-EQB.html,FG,https://www.equibase.com/static/chart/summary/FG010426USA3-EQB.html,3,https://www.equibase.com/static/chart/summary/FG010426USA3-EQB.html,https://www.equibase.com/premium/chartEmb.cfm?track=FG&raceDate=01/04/2026&cy=USA&rn=3,https://www.equibase.com/static/chart/summary/FG010426USA3-EQB.html,Thebabeslayer,https://www.equibase.com/static/chart/summary/FG010426USA3-EQB.html,,
01/04/2026,https://www.equibase.com/static/chart/summary/FG010426USA4-EQB.html,FG,https://www.equibase.com/static/chart/summary/FG010426USA4-EQB.html,4,https://www.equibase.com/static/chart/summary/FG010426USA4-EQB.html,https://www.equibase.com/premium/chartEmb.cfm?track=FG&raceDate=01/04/2026&cy=USA&rn=4,https://www.equibase.com/static/chart/summary/FG010426USA4-EQB.html,Miz Chris,https://www.equibase.com/static/chart/summary/FG010426USA4-EQB.html,,
01/04/2026,https://www.equibase.com/static/chart/summary/FG010426USA5-EQB.html,FG,https://www.equibase.com/static/chart/summary/FG010426USA5-EQB.html,5,https://www.equibase.com/static/chart/summary/FG010426USA5-EQB.html,https://www.equibase.com/premium/chartEmb.cfm?track=FG&raceDate=01/04/2026&cy=USA&rn=5,https://www.equibase.com/static/chart/summary/FG010426USA5-EQB.html,Roar of Silence,https://www.equibase.com/static/chart/summary/FG010426USA5-EQB.html,,
01/04/2026,https://www.equibase.com/static/chart/summary/FG010426USA6-EQB.html,FG,https://www.equibase.com/static/chart/summary/FG010426USA6-EQB.html,6,https://www.equibase.com/static/chart/summary/FG010426USA6-EQB.html,https://www.equibase.com/premium/chartEmb.cfm?track=FG&raceDate=01/04/2026&cy=USA&rn=6,https://www.equibase.com/static/chart/summary/FG010426USA6-EQB.html,S S Radio,https://www.equibase.com/static/chart/summary/FG010426USA6-EQB.html,,
01/04/2026,https://www.equibase.com/static/chart/summary/FG010426USA7-EQB.html,FG,https://www.equibase.com/static/chart/summary/FG010426USA7-EQB.html,7,https://www.equibase.com/static/chart/summary/FG010426USA7-EQB.html,https://www.equibase.com/premium/chartEmb.cfm?track=FG&raceDate=01/04/2026&cy=USA&rn=7,https://www.equibase.com/static/chart/summary/FG010426USA7-EQB.html,Carc Brothers,https://www.equibase.com/static/chart/summary/FG010426USA7-EQB.html,,
01/04/2026,https://www.equibase.com/static/chart/summary/FG010426USA8-EQB.html,FG,https://www.equibase.com/static/chart/summary/FG010426USA8-EQB.html,8,https://www.equibase.com/static/chart/summary/FG010426USA8-EQB.html,https://www.equibase.com/premium/chartEmb.cfm?track=FG&raceDate=01/04/2026&cy=USA&rn=8,https://www.equibase.com/static/chart/summary/FG010426USA8-EQB.html,Braken Poppa,https://www.equibase.com/static/chart/summary/FG010426USA8-EQB.html,,
01/03/2026,https://www.equibase.com/static/chart/summary/HOU010326USA1-EQB.html,SAM HOUSTON,https://www.equibase.com/static/chart/summary/HOU010326USA1-EQB.html,1,https://www.equibase.com/static/chart/summary/HOU010326USA1-EQB.html,https://www.equibase.com/premium/chartEmb.cfm?track=HOU&raceDate=01/03/2026&cy=USA&rn=1,https://www.equibase.com/static/chart/summary/HOU010326USA1-EQB.html,RS FORTEZA,https://www.equibase.com/static/chart/summary/HOU010326USA1-EQB.html,,
01/03/2026,https://www.equibase.com/static/chart/summary/HOU010326USA2-EQB.html,SAM HOUSTON,https://www.equibase.com/static/chart/summary/HOU010326USA2-EQB.html,2,https://www.equibase.com/static/chart/summary/HOU010326USA2-EQB.html,https://www.equibase.com/premium/chartEmb.cfm?track=HOU&raceDate=01/03/2026&cy=USA&rn=2,https://www.equibase.com/static/chart/summary/HOU010326USA2-EQB.html,Put a Rock On It,https://www.equibase.com/static/chart/summary/HOU010326USA2-EQB.html,,
01/03/2026,https://www.equibase.com/static/chart/summary/HOU010326USA3-EQB.html,SAM HOUSTON,https://www.equibase.com/static/chart/summary/HOU010326USA3-EQB.html,3,https://www.equibase.com/static/chart/summary/HOU010326USA3-EQB.html,https://www.equibase.com/premium/chartEmb.cfm?track=HOU&raceDate=01/03/2026&cy=USA&rn=3,https://www.equibase.com/static/chart/summary/HOU010326USA3-EQB.html,Bello,https://www.equibase.com/static/chart/summary/HOU010326USA3-EQB.html,,
01/03/2026,https://www.equibase.com/static/chart/summary/HOU010326USA4-EQB.html,SAM HOUSTON,https://www.equibase.com/static/chart/summary/HOU010326USA4-EQB.html,4,https://www.equibase.com/static/chart/summary/HOU010326USA4-EQB.html,https://www.equibase.com/premium/chartEmb.cfm?track=HOU&raceDate=01/03/2026&cy=USA&rn=4,https://www.equibase.com/static/chart/summary/HOU010326USA4-EQB.html,Checker's Song,https://www.equibase.com/static/chart/summary/HOU010326USA4-EQB.html,,
01/03/2026,https://www.equibase.com/static/chart/summary/HOU010326USA5-EQB.html,SAM HOUSTON,https://www.equibase.com/static/chart/summary/HOU010326USA5-EQB.html,5,https://www.equibase.com/static/chart/summary/HOU010326USA5-EQB.html,https://www.equibase.com/premium/chartEmb.cfm?track=HOU&raceDate=01/03/2026&cy=USA&rn=5,https://www.equibase.com/static/chart/summary/HOU010326USA5-EQB.html,Shogun Be Fast,https://www.equibase.com/static/chart/summary/HOU010326USA5-EQB.html,,
01/03/2026,https://www.equibase.com/static/chart/summary/HOU010326USA6-EQB.html,SAM HOUSTON,https://www.equibase.com/static/chart/summary/HOU010326USA6-EQB.html,6,https://www.equibase.com/static/chart/summary/HOU010326USA6-EQB.html,https://www.equibase.com/premium/chartEmb.cfm?track=HOU&raceDate=01/03/2026&cy=USA&rn=6,https://www.equibase.com/static/chart/summary/HOU010326USA6-EQB.html,Bling Mountain,https://www.equibase.com/static/chart/summary/HOU010326USA6-EQB.html,,
01/03/2026,https://www.equibase.com/static/chart/summary/HOU010326USA7-EQB.html,SAM HOUSTON,https://www.equibase.com/static/chart/summary/HOU010326USA7-EQB.html,7,https://www.equibase.com/static/chart/summary/HOU010326USA7-EQB.html,https://www.equibase.com/premium/chartEmb.cfm?track=HOU&raceDate=01/03/2026&cy=USA&rn=7,https://www.equibase.com/static/chart/summary/HOU010326USA7-EQB.html,High Cinco,https://www.equibase.com/static/chart/summary/HOU010326USA7-EQB.html,,
01/03/2026,https://www.equibase.com/static/chart/summary/HOU010326USA8-EQB.html,SAM HOUSTON,https://www.equibase.com/static/chart/summary/HOU010326USA8-EQB.html,8,https://www.equibase.com/static/chart/summary/HOU010326USA8-EQB.html,https://www.equibase.com/premium/chartEmb.cfm?track=HOU&raceDate=01/03/2026&cy=USA&rn=8,https://www.equibase.com/static/chart/summary/HOU010326USA8-EQB.html,Harvey's Finnish,https://www.equibase.com/static/chart/summary/HOU010326USA8-EQB.html,,
01/03/2026,https://www.equibase.com/static/chart/summary/HOU010326USA9-EQB.html,SAM HOUSTON,https://www.equibase.com/static/chart/summary/HOU010326USA9-EQB.html,9,https://www.equibase.com/static/chart/summary/HOU010326USA9-EQB.html,https://www.equibase.com/premium/chartEmb.cfm?track=HOU&raceDate=01/03/2026&cy=USA&rn=9,https://www.equibase.com/static/chart/summary/HOU010326USA9-EQB.html,Cruel,https://www.equibase.com/static/chart/summary/HOU010326USA9-EQB.html,,
01/03/2026,https://www.equibase.com/static/chart/summary/CT010326USA1-EQB.html,CT,https://www.equibase.com/static/chart/summary/CT010326USA1-EQB.html,1,https://www.equibase.com/static/chart/summary/CT010326USA1-EQB.html,https://www.equibase.com/premium/chartEmb.cfm?track=CT&raceDate=01/03/2026&cy=USA&rn=1,https://www.equibase.com/static/chart/summary/CT010326USA1-EQB.html,No Direction,https://www.equibase.com/static/chart/summary/CT010326USA1-EQB.html,,
01/03/2026,https://www.equibase.com/static/chart/summary/CT010326USA2-EQB.html,CT,https://www.equibase.com/static/chart/summary/CT010326USA2-EQB.html,2,https://www.equibase.com/static/chart/summary/CT010326USA2-EQB.html,https://www.equibase.com/premium/chartEmb.cfm?track=CT&raceDate=01/03/2026&cy=USA&rn=2,https://www.equibase.com/static/chart/summary/CT010326USA2-EQB.html,Collegeville Queen,https://www.equibase.com/static/chart/summary/CT010326USA2-EQB.html,,
01/03/2026,https://www.equibase.com/static/chart/summary/CT010326USA3-EQB.html,CT,https://www.equibase.com/static/chart/summary/CT010326USA3-EQB.html,3,https://www.equibase.com/static/chart/summary/CT010326USA3-EQB.html,https://www.equibase.com/premium/chartEmb.cfm?track=CT&raceDate=01/03/2026&cy=USA&rn=3,https://www.equibase.com/static/chart/summary/CT010326USA3-EQB.html,Rocket Appeal,https://www.equibase.com/static/chart/summary/CT010326USA3-EQB.html,,
01/03/2026,https://www.equibase.com/static/chart/summary/CT010326USA4-EQB.html,CT,https://www.equibase.com/static/chart/summary/CT010326USA4-EQB.html,4,https://www.equibase.com/static/chart/summary/CT010326USA4-EQB.html,https://www.equibase.com/premium/chartEmb.cfm?track=CT&raceDate=01/03/2026&cy=USA&rn=4,https://www.equibase.com/static/chart/summary/CT010326USA4-EQB.html,Mr On High,https://www.equibase.com/static/chart/summary/CT010326USA4-EQB.html,,
01/03/2026,https://www.equibase.com/static/chart/summary/CT010326USA5-EQB.html,CT,https://www.equibase.com/static/chart/summary/CT010326USA5-EQB.html,5,https://www.equibase.com/static/chart/summary/CT010326USA5-EQB.html,https://www.equibase.com/premium/chartEmb.cfm?track=CT&raceDate=01/03/2026&cy=USA&rn=5,https://www.equibase.com/static/chart/summary/CT010326USA5-EQB.html,Head Lad,https://www.equibase.com/static/chart/summary/CT010326USA5-EQB.html,,
01/03/2026,https://www.equibase.com/static/chart/summary/CT010326USA6-EQB.html,CT,https://www.equibase.com/static/chart/summary/CT010326USA6-EQB.html,6,https://www.equibase.com/static/chart/summary/CT010326USA6-EQB.html,https://www.equibase.com/premium/chartEmb.cfm?track=CT&raceDate=01/03/2026&cy=USA&rn=6,https://www.equibase.com/static/chart/summary/CT010326USA6-EQB.html,Go Go Prancer,https://www.equibase.com/static/chart/summary/CT010326USA6-EQB.html,,
01/03/2026,https://www.equibase.com/static/chart/summary/CT010326USA7-EQB.html,CT,https://www.equibase.com/static/chart/summary/CT010326USA7-EQB.html,7,https://www.equibase.com/static/chart/summary/CT010326USA7-EQB.html,https://www.equibase.com/premium/chartEmb.cfm?track=CT&raceDate=01/03/2026&cy=USA&rn=7,https://www.equibase.com/static/chart/summary/CT010326USA7-EQB.html,Maddie Ten,https://www.equibase.com/static/chart/summary/CT010326USA7-EQB.html,,
01/03/2026,https://www.equibase.com/static/chart/summary/CT010326USA8-EQB.html,CT,https://www.equibase.com/static/chart/summary/CT010326USA8-EQB.html,8,https://www.equibase.com/static/chart/summary/CT010326USA8-EQB.html,https://www.equibase.com/premium/chartEmb.cfm?track=CT&raceDate=01/03/2026&cy=USA&rn=8,https://www.equibase.com/static/chart/summary/CT010326USA8-EQB.html,Kaladin,https://www.equibase.com/static/chart/summary/CT010326USA8-EQB.html,,
01/03/2026,https://www.equibase.com/static/chart/summary/CT010326USA9-EQB.html,CT,https://www.equibase.com/static/chart/summary/CT010326USA9-EQB.html,9,https://www.equibase.com/static/chart/summary/CT010326USA9-EQB.html,https://www.equibase.com/premium/chartEmb.cfm?track=CT&raceDate=01/03/2026&cy=USA&rn=9,https://www.equibase.com/static/chart/summary/CT010326USA9-EQB.html,Digital Security,https://www.equibase.com/static/chart/summary/CT010326USA9-EQB.html,,
01/03/2026,https://www.equibase.com/static/chart/summary/FG010326USA1-EQB.html,FG,https://www.equibase.com/static/chart/summary/FG010326USA1-EQB.html,1,https://www.equibase.com/static/chart/summary/FG010326USA1-EQB.html,https://www.equibase.com/premium/chartEmb.cfm?track=FG&raceDate=01/03/2026&cy=USA&rn=1,https://www.equibase.com/static/chart/summary/FG010326USA1-EQB.html,Chariot,https://www.equibase.com/static/chart/summary/FG010326USA1-EQB.html,,
01/03/2026,https://www.equibase.com/static/chart/summary/FG010326USA2-EQB.html,FG,https://www.equibase.com/static/chart/summary/FG010326USA2-EQB.html,2,https://www.equibase.com/static/chart/summary/FG010326USA2-EQB.html,https://www.equibase.com/premium/chartEmb.cfm?track=FG&raceDate=01/03/2026&cy=USA&rn=2,https://www.equibase.com/static/chart/summary/FG010326USA2-EQB.html,Ketchum,https://www.equibase.com/static/chart/summary/FG010326USA2-EQB.html,,
01/03/2026,https://www.equibase.com/static/chart/summary/FG010326USA3-EQB.html,FG,https://www.equibase.com/static/chart/summary/FG010326USA3-EQB.html,3,https://www.equibase.com/static/chart/summary/FG010326USA3-EQB.html,https://www.equibase.com/premium/chartEmb.cfm?track=FG&raceDate=01/03/2026&cy=USA&rn=3,https://www.equibase.com/static/chart/summary/FG010326USA3-EQB.html,Little Miss Curlin,https://www.equibase.com/static/chart/summary/FG010326USA3-EQB.html,,
01/03/2026,https://www.equibase.com/static/chart/summary/FG010326USA4-EQB.html,FG,https://www.equibase.com/static/chart/summary/FG010326USA4-EQB.html,4,https://www.equibase.com/static/chart/summary/FG010326USA4-EQB.html,https://www.equibase.com/premium/chartEmb.cfm?track=FG&raceDate=01/03/2026&cy=USA&rn=4,https://www.equibase.com/static/chart/summary/FG010326USA4-EQB.html,Bohemian,https://www.equibase.com/static/chart/summary/FG010326USA4-EQB.html,,
01/03/2026,https://www.equibase.com/static/chart/summary/FG010326USA5-EQB.html,FG,https://www.equibase.com/static/chart/summary/FG010326USA5-EQB.html,5,https://www.equibase.com/static/chart/summary/FG010326USA5-EQB.html,https://www.equibase.com/premium/chartEmb.cfm?track=FG&raceDate=01/03/2026&cy=USA&rn=5,https://www.equibase.com/static/chart/summary/FG010326USA5-EQB.html,Election Night,https://www.equibase.com/static/chart/summary/FG010326USA5-EQB.html,,
01/03/2026,https://www.equibase.com/static/chart/summary/FG010326USA6-EQB.html,FG,https://www.equibase.com/static/chart/summary/FG010326USA6-EQB.html,6,https://www.equibase.com/static/chart/summary/FG010326USA6-EQB.html,https://www.equibase.com/premium/chartEmb.cfm?track=FG&raceDate=01/03/2026&cy=USA&rn=6,https://www.equibase.com/static/chart/summary/FG010326USA6-EQB.html,Alone Time,https://www.equibase.com/static/chart/summary/FG010326USA6-EQB.html,,
01/03/2026,https://www.equibase.com/static/chart/summary/FG010326USA7-EQB.html,FG,https://www.equibase.com/static/chart/summary/FG010326USA7-EQB.html,7,https://www.equibase.com/static/chart/summary/FG010326USA7-EQB.html,https://www.equibase.com/premium/chartEmb.cfm?track=FG&raceDate=01/03/2026&cy=USA&rn=7,https://www.equibase.com/static/chart/summary/FG010326USA7-EQB.html,Mor Force,https://www.equibase.com/static/chart/summary/FG010326USA7-EQB.html,,
01/03/2026,https://www.equibase.com/static/chart/summary/FG010326USA8-EQB.html,FG,https://www.equibase.com/static/chart/summary/FG010326USA8-EQB.html,8,https://www.equibase.com/static/chart/summary/FG010326USA8-EQB.html,https://www.equibase.com/premium/chartEmb.cfm?track=FG&raceDate=01/03/2026&cy=USA&rn=8,https://www.equibase.com/static/chart/summary/FG010326USA8-EQB.html,The Town Tempter,https://www.equibase.com/static/chart/summary/FG010326USA8-EQB.html,,
01/03/2026,https://www.equibase.com/static/chart/summary/FG010326USA9-EQB.html,FG,https://www.equibase.com/static/chart/summary/FG010326USA9-EQB.html,9,https://www.equibase.com/static/chart/summary/FG010326USA9-EQB.html,https://www.equibase.com/premium/chartEmb.cfm?track=FG&raceDate=01/03/2026&cy=USA&rn=9,https://www.equibase.com/static/chart/summary/FG010326USA9-EQB.html,Traitour,https://www.equibase.com/static/chart/summary/FG010326USA9-EQB.html,,
01/03/2026,https://www.equibase.com/static/chart/summary/DED010326USA1-EQB.html,DED,https://www.equibase.com/static/chart/summary/DED010326USA1-EQB.html,1,https://www.equibase.com/static/chart/summary/DED010326USA1-EQB.html,https://www.equibase.com/premium/chartEmb.cfm?track=DED&raceDate=01/03/2026&cy=USA&rn=1,https://www.equibase.com/static/chart/summary/DED010326USA1-EQB.html,California Swag,https://www.equibase.com/static/chart/summary/DED010326USA1-EQB.html,,
01/03/2026,https://www.equibase.com/static/chart/summary/DED010326USA2-EQB.html,DED,https://www.equibase.com/static/chart/summary/DED010326USA2-EQB.html,2,https://www.equibase.com/static/chart/summary/DED010326USA2-EQB.html,https://www.equibase.com/premium/chartEmb.cfm?track=DED&raceDate=01/03/2026&cy=USA&rn=2,https://www.equibase.com/static/chart/summary/DED010326USA2-EQB.html,Baby Jane,https://www.equibase.com/static/chart/summary/DED010326USA2-EQB.html,,
01/03/2026,https://www.equibase.com/static/chart/summary/DED010326USA3-EQB.html,DED,https://www.equibase.com/static/chart/summary/DED010326USA3-EQB.html,3,https://www.equibase.com/static/chart/summary/DED010326USA3-EQB.html,https://www.equibase.com/premium/chartEmb.cfm?track=DED&raceDate=01/03/2026&cy=USA&rn=3,https://www.equibase.com/static/chart/summary/DED010326USA3-EQB.html,Atchafalaya Sunset,https://www.equibase.com/static/chart/summary/DED010326USA3-EQB.html,,
01/03/2026,https://www.equibase.com/static/chart/summary/DED010326USA4-EQB.html,DED,https://www.equibase.com/static/chart/summary/DED010326USA4-EQB.html,4,https://www.equibase.com/static/chart/summary/DED010326USA4-EQB.html,https://www.equibase.com/premium/chartEmb.cfm?track=DED&raceDate=01/03/2026&cy=USA&rn=4,https://www.equibase.com/static/chart/summary/DED010326USA4-EQB.html,Aubree's Halo,https://www.equibase.com/static/chart/summary/DED010326USA4-EQB.html,,
01/03/2026,https://www.equibase.com/static/chart/summary/DED010326USA5-EQB.html,DED,https://www.equibase.com/static/chart/summary/DED010326USA5-EQB.html,5,https://www.equibase.com/static/chart/summary/DED010326USA5-EQB.html,https://www.equibase.com/premium/chartEmb.cfm?track=DED&raceDate=01/03/2026&cy=USA&rn=5,https://www.equibase.com/static/chart/summary/DED010326USA5-EQB.html,Frosty Blue,https://www.equibase.com/static/chart/summary/DED010326USA5-EQB.html,,
01/03/2026,https://www.equibase.com/static/chart/summary/DED010326USA6-EQB.html,DED,https://www.equibase.com/static/chart/summary/DED010326USA6-EQB.html,6,https://www.equibase.com/static/chart/summary/DED010326USA6-EQB.html,https://www.equibase.com/premium/chartEmb.cfm?track=DED&raceDate=01/03/2026&cy=USA&rn=6,https://www.equibase.com/static/chart/summary/DED010326USA6-EQB.html,Wickey Bibby,https://www.equibase.com/static/chart/summary/DED010326USA6-EQB.html,,
01/03/2026,https://www.equibase.com/static/chart/summary/DED010326USA7-EQB.html,DED,https://www.equibase.com/static/chart/summary/DED010326USA7-EQB.html,7,https://www.equibase.com/static/chart/summary/DED010326USA7-EQB.html,https://www.equibase.com/premium/chartEmb.cfm?track=DED&raceDate=01/03/2026&cy=USA&rn=7,https://www.equibase.com/static/chart/summary/DED010326USA7-EQB.html,Our Keepsake,https://www.equibase.com/static/chart/summary/DED010326USA7-EQB.html,,
01/03/2026,https://www.equibase.com/static/chart/summary/DED010326USA8-EQB.html,DED,https://www.equibase.com/static/chart/summary/DED010326USA8-EQB.html,8,https://www.equibase.com/static/chart/summary/DED010326USA8-EQB.html,https://www.equibase.com/premium/chartEmb.cfm?track=DED&raceDate=01/03/2026&cy=USA&rn=8,https://www.equibase.com/static/chart/summary/DED010326USA8-EQB.html,Ridearoundsalley,https://www.equibase.com/static/chart/summary/DED010326USA8-EQB.html,,
01/04/2026,https://www.equibase.com/static/chart/summary/TAM010426USA1-EQB.html,TAMPA BAY,https://www.equibase.com/static/chart/summary/TAM010426USA1-EQB.html,1,https://www.equibase.com/static/chart/summary/TAM010426USA1-EQB.html,https://www.equibase.com/premium/chartEmb.cfm?track=TAM&raceDate=01/04/2026&cy=USA&rn=1,https://www.equibase.com/static/chart/summary/TAM010426USA1-EQB.html,Prancin Inthe Dark,https://www.equibase.com/static/chart/summary/TAM010426USA1-EQB.html,,
01/04/2026,https://www.equibase.com/static/chart/summary/TAM010426USA2-EQB.html,TAMPA BAY,https://www.equibase.com/static/chart/summary/TAM010426USA2-EQB.html,2,https://www.equibase.com/static/chart/summary/TAM010426USA2-EQB.html,https://www.equibase.com/premium/chartEmb.cfm?track=TAM&raceDate=01/04/2026&cy=USA&rn=2,https://www.equibase.com/static/chart/summary/TAM010426USA2-EQB.html,Awesome Campaign,https://www.equibase.com/static/chart/summary/TAM010426USA2-EQB.html,,
01/04/2026,https://www.equibase.com/static/chart/summary/TAM010426USA3-EQB.html,TAMPA BAY,https://www.equibase.com/static/chart/summary/TAM010426USA3-EQB.html,3,https://www.equibase.com/static/chart/summary/TAM010426USA3-EQB.html,https://www.equibase.com/premium/chartEmb.cfm?track=TAM&raceDate=01/04/2026&cy=USA&rn=3,https://www.equibase.com/static/chart/summary/TAM010426USA3-EQB.html,Embrace My Uncle,https://www.equibase.com/static/chart/summary/TAM010426USA3-EQB.html,,
01/04/2026,https://www.equibase.com/static/chart/summary/TAM010426USA4-EQB.html,TAMPA BAY,https://www.equibase.com/static/chart/summary/TAM010426USA4-EQB.html,4,https://www.equibase.com/static/chart/summary/TAM010426USA4-EQB.html,https://www.equibase.com/premium/chartEmb.cfm?track=TAM&raceDate=01/04/2026&cy=USA&rn=4,https://www.equibase.com/static/chart/summary/TAM010426USA4-EQB.html,Glorious Lady,https://www.equibase.com/static/chart/summary/TAM010426USA4-EQB.html,,
01/04/2026,https://www.equibase.com/static/chart/summary/TAM010426USA5-EQB.html,TAMPA BAY,https://www.equibase.com/static/chart/summary/TAM010426USA5-EQB.html,5,https://www.equibase.com/static/chart/summary/TAM010426USA5-EQB.html,https://www.equibase.com/premium/chartEmb.cfm?track=TAM&raceDate=01/04/2026&cy=USA&rn=5,https://www.equibase.com/static/chart/summary/TAM010426USA5-EQB.html,C C Girl,https://www.equibase.com/static/chart/summary/TAM010426USA5-EQB.html,,
01/04/2026,https://www.equibase.com/static/chart/summary/TAM010426USA6-EQB.html,TAMPA BAY,https://www.equibase.com/static/chart/summary/TAM010426USA6-EQB.html,6,https://www.equibase.com/static/chart/summary/TAM010426USA6-EQB.html,https://www.equibase.com/premium/chartEmb.cfm?track=TAM&raceDate=01/04/2026&cy=USA&rn=6,https://www.equibase.com/static/chart/summary/TAM010426USA6-EQB.html,Battalion Leader,https://www.equibase.com/static/chart/summary/TAM010426USA6-EQB.html,,
01/04/2026,https://www.equibase.com/static/chart/summary/TAM010426USA7-EQB.html,TAMPA BAY,https://www.equibase.com/static/chart/summary/TAM010426USA7-EQB.html,7,https://www.equibase.com/static/chart/summary/TAM010426USA7-EQB.html,https://www.equibase.com/premium/chartEmb.cfm?track=TAM&raceDate=01/04/2026&cy=USA&rn=7,https://www.equibase.com/static/chart/summary/TAM010426USA7-EQB.html,Power Attack,https://www.equibase.com/static/chart/summary/TAM010426USA7-EQB.html,,
01/04/2026,https://www.equibase.com/static/chart/summary/TAM010426USA8-EQB.html,TAMPA BAY,https://www.equibase.com/static/chart/summary/TAM010426USA8-EQB.html,8,https://www.equibase.com/static/chart/summary/TAM010426USA8-EQB.html,https://www.equibase.com/premium/chartEmb.cfm?track=TAM&raceDate=01/04/2026&cy=USA&rn=8,https://www.equibase.com/static/chart/summary/TAM010426USA8-EQB.html,Queen Atlas,https://www.equibase.com/static/chart/summary/TAM010426USA8-EQB.html,,
01/04/2026,https://www.equibase.com/static/chart/summary/TAM010426USA9-EQB.html,TAMPA BAY,https://www.equibase.com/static/chart/summary/TAM010426USA9-EQB.html,9,https://www.equibase.com/static/chart/summary/TAM010426USA9-EQB.html,https://www.equibase.com/premium/chartEmb.cfm?track=TAM&raceDate=01/04/2026&cy=USA&rn=9,https://www.equibase.com/static/chart/summary/TAM010426USA9-EQB.html,Starship Empire,https://www.equibase.com/static/chart/summary/TAM010426USA9-EQB.html,,
01/04/2026,https://www.equibase.com/static/chart/summary/HOU010426USA1-EQB.html,SAM HOUSTON,https://www.equibase.com/static/chart/summary/HOU010426USA1-EQB.html,1,https://www.equibase.com/static/chart/summary/HOU010426USA1-EQB.html,https://www.equibase.com/premium/chartEmb.cfm?track=HOU&raceDate=01/04/2026&cy=USA&rn=1,https://www.equibase.com/static/chart/summary/HOU010426USA1-EQB.html,WMA WILD KISSES,https://www.equibase.com/static/chart/summary/HOU010426USA1-EQB.html,,
01/04/2026,https://www.equibase.com/static/chart/summary/HOU010426USA2-EQB.html,SAM HOUSTON,https://www.equibase.com/static/chart/summary/HOU010426USA2-EQB.html,2,https://www.equibase.com/static/chart/summary/HOU010426USA2-EQB.html,https://www.equibase.com/premium/chartEmb.cfm?track=HOU&raceDate=01/04/2026&cy=USA&rn=2,https://www.equibase.com/static/chart/summary/HOU010426USA2-EQB.html,Ghost Cowboy,https://www.equibase.com/static/chart/summary/HOU010426USA2-EQB.html,,
01/04/2026,https://www.equibase.com/static/chart/summary/HOU010426USA3-EQB.html,SAM HOUSTON,https://www.equibase.com/static/chart/summary/HOU010426USA3-EQB.html,3,https://www.equibase.com/static/chart/summary/HOU010426USA3-EQB.html,https://www.equibase.com/premium/chartEmb.cfm?track=HOU&raceDate=01/04/2026&cy=USA&rn=3,https://www.equibase.com/static/chart/summary/HOU010426USA3-EQB.html,Super Brady,https://www.equibase.com/static/chart/summary/HOU010426USA3-EQB.html,,
01/04/2026,https://www.equibase.com/static/chart/summary/HOU010426USA4-EQB.html,SAM HOUSTON,https://www.equibase.com/static/chart/summary/HOU010426USA4-EQB.html,4,https://www.equibase.com/static/chart/summary/HOU010426USA4-EQB.html,https://www.equibase.com/premium/chartEmb.cfm?track=HOU&raceDate=01/04/2026&cy=USA&rn=4,https://www.equibase.com/static/chart/summary/HOU010426USA4-EQB.html,Grind Jim,https://www.equibase.com/static/chart/summary/HOU010426USA4-EQB.html,,
01/04/2026,https://www.equibase.com/static/chart/summary/HOU010426USA5-EQB.html,SAM HOUSTON,https://www.equibase.com/static/chart/summary/HOU010426USA5-EQB.html,5,https://www.equibase.com/static/chart/summary/HOU010426USA5-EQB.html,https://www.equibase.com/premium/chartEmb.cfm?track=HOU&raceDate=01/04/2026&cy=USA&rn=5,https://www.equibase.com/static/chart/summary/HOU010426USA5-EQB.html,One Time Mark,https://www.equibase.com/static/chart/summary/HOU010426USA5-EQB.html,,
01/04/2026,https://www.equibase.com/static/chart/summary/HOU010426USA6-EQB.html,SAM HOUSTON,https://www.equibase.com/static/chart/summary/HOU010426USA6-EQB.html,6,https://www.equibase.com/static/chart/summary/HOU010426USA6-EQB.html,https://www.equibase.com/premium/chartEmb.cfm?track=HOU&raceDate=01/04/2026&cy=USA&rn=6,https://www.equibase.com/static/chart/summary/HOU010426USA6-EQB.html,Swiftwind,https://www.equibase.com/static/chart/summary/HOU010426USA6-EQB.html,,
01/04/2026,https://www.equibase.com/static/chart/summary/HOU010426USA7-EQB.html,SAM HOUSTON,https://www.equibase.com/static/chart/summary/HOU010426USA7-EQB.html,7,https://www.equibase.com/static/chart/summary/HOU010426USA7-EQB.html,https://www.equibase.com/premium/chartEmb.cfm?track=HOU&raceDate=01/04/2026&cy=USA&rn=7,https://www.equibase.com/static/chart/summary/HOU010426USA7-EQB.html,Love Pack,https://www.equibase.com/static/chart/summary/HOU010426USA7-EQB.html,,
01/04/2026,https://www.equibase.com/static/chart/summary/HOU010426USA8-EQB.html,SAM HOUSTON,https://www.equibase.com/static/chart/summary/HOU010426USA8-EQB.html,8,https://www.equibase.com/static/chart/summary/HOU010426USA8-EQB.html,https://www.equibase.com/premium/chartEmb.cfm?track=HOU&raceDate=01/04/2026&cy=USA&rn=8,https://www.equibase.com/static/chart/summary/HOU010426USA8-EQB.html,Maddienlizzyshonor,https://www.equibase.com/static/chart/summary/HOU010426USA8-EQB.html,,
01/03/2026,https://www.equibase.com/static/chart/summary/TAM010326USA1-EQB.html,TAMPA BAY,https://www.equibase.com/static/chart/summary/TAM010326USA1-EQB.html,1,https://www.equibase.com/static/chart/summary/TAM010326USA1-EQB.html,https://www.equibase.com/premium/chartEmb.cfm?track=TAM&raceDate=01/03/2026&cy=USA&rn=1,https://www.equibase.com/static/chart/summary/TAM010326USA1-EQB.html,Rainbow's Pride,https://www.equibase.com/static/chart/summary/TAM010326USA1-EQB.html,,
01/03/2026,https://www.equibase.com/static/chart/summary/TAM010326USA2-EQB.html,TAMPA BAY,https://www.equibase.com/static/chart/summary/TAM010326USA2-EQB.html,2,https://www.equibase.com/static/chart/summary/TAM010326USA2-EQB.html,https://www.equibase.com/premium/chartEmb.cfm?track=TAM&raceDate=01/03/2026&cy=USA&rn=2,https://www.equibase.com/static/chart/summary/TAM010326USA2-EQB.html,Wildwood Bye,https://www.equibase.com/static/chart/summary/TAM010326USA2-EQB.html,,
01/03/2026,https://www.equibase.com/static/chart/summary/TAM010326USA3-EQB.html,TAMPA BAY,https://www.equibase.com/static/chart/summary/TAM010326USA3-EQB.html,3,https://www.equibase.com/static/chart/summary/TAM010326USA3-EQB.html,https://www.equibase.com/premium/chartEmb.cfm?track=TAM&raceDate=01/03/2026&cy=USA&rn=3,https://www.equibase.com/static/chart/summary/TAM010326USA3-EQB.html,Midnight Onyx,https://www.equibase.com/static/chart/summary/TAM010326USA3-EQB.html,,
01/03/2026,https://www.equibase.com/static/chart/summary/TAM010326USA4-EQB.html,TAMPA BAY,https://www.equibase.com/static/chart/summary/TAM010326USA4-EQB.html,4,https://www.equibase.com/static/chart/summary/TAM010326USA4-EQB.html,https://www.equibase.com/premium/chartEmb.cfm?track=TAM&raceDate=01/03/2026&cy=USA&rn=4,https://www.equibase.com/static/chart/summary/TAM010326USA4-EQB.html,Homer Jones,https://www.equibase.com/static/chart/summary/TAM010326USA4-EQB.html,,
01/03/2026,https://www.equibase.com/static/chart/summary/TAM010326USA5-EQB.html,TAMPA BAY,https://www.equibase.com/static/chart/summary/TAM010326USA5-EQB.html,5,https://www.equibase.com/static/chart/summary/TAM010326USA5-EQB.html,https://www.equibase.com/premium/chartEmb.cfm?track=TAM&raceDate=01/03/2026&cy=USA&rn=5,https://www.equibase.com/static/chart/summary/TAM010326USA5-EQB.html,French Mistress,https://www.equibase.com/static/chart/summary/TAM010326USA5-EQB.html,,
01/03/2026,https://www.equibase.com/static/chart/summary/TAM010326USA6-EQB.html,TAMPA BAY,https://www.equibase.com/static/chart/summary/TAM010326USA6-EQB.html,6,https://www.equibase.com/static/chart/summary/TAM010326USA6-EQB.html,https://www.equibase.com/premium/chartEmb.cfm?track=TAM&raceDate=01/03/2026&cy=USA&rn=6,https://www.equibase.com/static/chart/summary/TAM010326USA6-EQB.html,Mona L,https://www.equibase.com/static/chart/summary/TAM010326USA6-EQB.html,,
01/03/2026,https://www.equibase.com/static/chart/summary/TAM010326USA7-EQB.html,TAMPA BAY,https://www.equibase.com/static/chart/summary/TAM010326USA7-EQB.html,7,https://www.equibase.com/static/chart/summary/TAM010326USA7-EQB.html,https://www.equibase.com/premium/chartEmb.cfm?track=TAM&raceDate=01/03/2026&cy=USA&rn=7,https://www.equibase.com/static/chart/summary/TAM010326USA7-EQB.html,Paynted Warrior,https://www.equibase.com/static/chart/summary/TAM010326USA7-EQB.html,,
01/03/2026,https://www.equibase.com/static/chart/summary/TAM010326USA8-EQB.html,TAMPA BAY,https://www.equibase.com/static/chart/summary/TAM010326USA8-EQB.html,8,https://www.equibase.com/static/chart/summary/TAM010326USA8-EQB.html,https://www.equibase.com/premium/chartEmb.cfm?track=TAM&raceDate=01/03/2026&cy=USA&rn=8,https://www.equibase.com/static/chart/summary/TAM010326USA8-EQB.html,Mischievous Trick,https://www.equibase.com/static/chart/summary/TAM010326USA8-EQB.html,,
01/03/2026,https://www.equibase.com/static/chart/summary/TAM010326USA9-EQB.html,TAMPA BAY,https://www.equibase.com/static/chart/summary/TAM010326USA9-EQB.html,9,https://www.equibase.com/static/chart/summary/TAM010326USA9-EQB.html,https://www.equibase.com/premium/chartEmb.cfm?track=TAM&raceDate=01/03/2026&cy=USA&rn=9,https://www.equibase.com/static/chart/summary/TAM010326USA9-EQB.html,Gianluca Be Lucky,https://www.equibase.com/static/chart/summary/TAM010326USA9-EQB.html,,
01/04/2026,https://www.equibase.com/static/chart/summary/SUN010426USA1-EQB.html,SUNLAND PARK,https://www.equibase.com/static/chart/summary/SUN010426USA1-EQB.html,1,https://www.equibase.com/static/chart/summary/SUN010426USA1-EQB.html,https://www.equibase.com/premium/chartEmb.cfm?track=SUN&raceDate=01/04/2026&cy=USA&rn=1,https://www.equibase.com/static/chart/summary/SUN010426USA1-EQB.html,Champagne Lane,https://www.equibase.com/static/chart/summary/SUN010426USA1-EQB.html,,
01/04/2026,https://www.equibase.com/static/chart/summary/SUN010426USA2-EQB.html,SUNLAND PARK,https://www.equibase.com/static/chart/summary/SUN010426USA2-EQB.html,2,https://www.equibase.com/static/chart/summary/SUN010426USA2-EQB.html,https://www.equibase.com/premium/chartEmb.cfm?track=SUN&raceDate=01/04/2026&cy=USA&rn=2,https://www.equibase.com/static/chart/summary/SUN010426USA2-EQB.html,Good Lovin,https://www.equibase.com/static/chart/summary/SUN010426USA2-EQB.html,,
01/04/2026,https://www.equibase.com/static/chart/summary/SUN010426USA3-EQB.html,SUNLAND PARK,https://www.equibase.com/static/chart/summary/SUN010426USA3-EQB.html,3,https://www.equibase.com/static/chart/summary/SUN010426USA3-EQB.html,https://www.equibase.com/premium/chartEmb.cfm?track=SUN&raceDate=01/04/2026&cy=USA&rn=3,https://www.equibase.com/static/chart/summary/SUN010426USA3-EQB.html,French Onion,https://www.equibase.com/static/chart/summary/SUN010426USA3-EQB.html,,
01/04/2026,https://www.equibase.com/static/chart/summary/SUN010426USA4-EQB.html,SUNLAND PARK,https://www.equibase.com/static/chart/summary/SUN010426USA4-EQB.html,4,https://www.equibase.com/static/chart/summary/SUN010426USA4-EQB.html,https://www.equibase.com/premium/chartEmb.cfm?track=SUN&raceDate=01/04/2026&cy=USA&rn=4,https://www.equibase.com/static/chart/summary/SUN010426USA4-EQB.html,Private Equity,https://www.equibase.com/static/chart/summary/SUN010426USA4-EQB.html,,
01/04/2026,https://www.equibase.com/static/chart/summary/SUN010426USA5-EQB.html,SUNLAND PARK,https://www.equibase.com/static/chart/summary/SUN010426USA5-EQB.html,5,https://www.equibase.com/static/chart/summary/SUN010426USA5-EQB.html,https://www.equibase.com/premium/chartEmb.cfm?track=SUN&raceDate=01/04/2026&cy=USA&rn=5,https://www.equibase.com/static/chart/summary/SUN010426USA5-EQB.html,Third Street,https://www.equibase.com/static/chart/summary/SUN010426USA5-EQB.html,,
01/04/2026,https://www.equibase.com/static/chart/summary/SUN010426USA6-EQB.html,SUNLAND PARK,https://www.equibase.com/static/chart/summary/SUN010426USA6-EQB.html,6,https://www.equibase.com/static/chart/summary/SUN010426USA6-EQB.html,https://www.equibase.com/premium/chartEmb.cfm?track=SUN&raceDate=01/04/2026&cy=USA&rn=6,https://www.equibase.com/static/chart/summary/SUN010426USA6-EQB.html,Julia's Promise,https://www.equibase.com/static/chart/summary/SUN010426USA6-EQB.html,,
01/04/2026,https://www.equibase.com/static/chart/summary/SUN010426USA7-EQB.html,SUNLAND PARK,https://www.equibase.com/static/chart/summary/SUN010426USA7-EQB.html,7,https://www.equibase.com/static/chart/summary/SUN010426USA7-EQB.html,https://www.equibase.com/premium/chartEmb.cfm?track=SUN&raceDate=01/04/2026&cy=USA&rn=7,https://www.equibase.com/static/chart/summary/SUN010426USA7-EQB.html,Dean's List,https://www.equibase.com/static/chart/summary/SUN010426USA7-EQB.html,,
01/04/2026,https://www.equibase.com/static/chart/summary/SUN010426USA8-EQB.html,SUNLAND PARK,https://www.equibase.com/static/chart/summary/SUN010426USA8-EQB.html,8,https://www.equibase.com/static/chart/summary/SUN010426USA8-EQB.html,https://www.equibase.com/premium/chartEmb.cfm?track=SUN&raceDate=01/04/2026&cy=USA&rn=8,https://www.equibase.com/static/chart/summary/SUN010426USA8-EQB.html,Mo Money Time,https://www.equibase.com/static/chart/summary/SUN010426USA8-EQB.html,,
01/04/2026,https://www.equibase.com/static/chart/summary/SUN010426USA9-EQB.html,SUNLAND PARK,https://www.equibase.com/static/chart/summary/SUN010426USA9-EQB.html,9,https://www.equibase.com/static/chart/summary/SUN010426USA9-EQB.html,https://www.equibase.com/premium/chartEmb.cfm?track=SUN&raceDate=01/04/2026&cy=USA&rn=9,https://www.equibase.com/static/chart/summary/SUN010426USA9-EQB.html,Magical Mark,https://www.equibase.com/static/chart/summary/SUN010426USA9-EQB.html,,
01/03/2026,https://www.equibase.com/static/chart/summary/OP010326USA1-EQB.html,OP,https://www.equibase.com/static/chart/summary/OP010326USA1-EQB.html,1,https://www.equibase.com/static/chart/summary/OP010326USA1-EQB.html,https://www.equibase.com/premium/chartEmb.cfm?track=OP&raceDate=01/03/2026&cy=USA&rn=1,https://www.equibase.com/static/chart/summary/OP010326USA1-EQB.html,N Z Holly,https://www.equibase.com/static/chart/summary/OP010326USA1-EQB.html,,
01/03/2026,https://www.equibase.com/static/chart/summary/OP010326USA2-EQB.html,OP,https://www.equibase.com/static/chart/summary/OP010326USA2-EQB.html,2,https://www.equibase.com/static/chart/summary/OP010326USA2-EQB.html,https://www.equibase.com/premium/chartEmb.cfm?track=OP&raceDate=01/03/2026&cy=USA&rn=2,https://www.equibase.com/static/chart/summary/OP010326USA2-EQB.html,Azteca Warrior,https://www.equibase.com/static/chart/summary/OP010326USA2-EQB.html,,
01/03/2026,https://www.equibase.com/static/chart/summary/OP010326USA3-EQB.html,OP,https://www.equibase.com/static/chart/summary/OP010326USA3-EQB.html,3,https://www.equibase.com/static/chart/summary/OP010326USA3-EQB.html,https://www.equibase.com/premium/chartEmb.cfm?track=OP&raceDate=01/03/2026&cy=USA&rn=3,https://www.equibase.com/static/chart/summary/OP010326USA3-EQB.html,Bricklin,https://www.equibase.com/static/chart/summary/OP010326USA3-EQB.html,,
01/03/2026,https://www.equibase.com/static/chart/summary/OP010326USA4-EQB.html,OP,https://www.equibase.com/static/chart/summary/OP010326USA4-EQB.html,4,https://www.equibase.com/static/chart/summary/OP010326USA4-EQB.html,https://www.equibase.com/premium/chartEmb.cfm?track=OP&raceDate=01/03/2026&cy=USA&rn=4,https://www.equibase.com/static/chart/summary/OP010326USA4-EQB.html,Obliteration,https://www.equibase.com/static/chart/summary/OP010326USA4-EQB.html,,
01/03/2026,https://www.equibase.com/static/chart/summary/OP010326USA5-EQB.html,OP,https://www.equibase.com/static/chart/summary/OP010326USA5-EQB.html,5,https://www.equibase.com/static/chart/summary/OP010326USA5-EQB.html,https://www.equibase.com/premium/chartEmb.cfm?track=OP&raceDate=01/03/2026&cy=USA&rn=5,https://www.equibase.com/static/chart/summary/OP010326USA5-EQB.html,Reclamation,https://www.equibase.com/static/chart/summary/OP010326USA5-EQB.html,,
01/03/2026,https://www.equibase.com/static/chart/summary/OP010326USA6-EQB.html,OP,https://www.equibase.com/static/chart/summary/OP010326USA6-EQB.html,6,https://www.equibase.com/static/chart/summary/OP010326USA6-EQB.html,https://www.equibase.com/premium/chartEmb.cfm?track=OP&raceDate=01/03/2026&cy=USA&rn=6,https://www.equibase.com/static/chart/summary/OP010326USA6-EQB.html,Expect the Best,https://www.equibase.com/static/chart/summary/OP010326USA6-EQB.html,,
01/03/2026,https://www.equibase.com/static/chart/summary/OP010326USA7-EQB.html,OP,https://www.equibase.com/static/chart/summary/OP010326USA7-EQB.html,7,https://www.equibase.com/static/chart/summary/OP010326USA7-EQB.html,https://www.equibase.com/premium/chartEmb.cfm?track=OP&raceDate=01/03/2026&cy=USA&rn=7,https://www.equibase.com/static/chart/summary/OP010326USA7-EQB.html,Nicholai,https://www.equibase.com/static/chart/summary/OP010326USA7-EQB.html,,
01/03/2026,https://www.equibase.com/static/chart/summary/OP010326USA8-EQB.html,OP,https://www.equibase.com/static/chart/summary/OP010326USA8-EQB.html,8,https://www.equibase.com/static/chart/summary/OP010326USA8-EQB.html,https://www.equibase.com/premium/chartEmb.cfm?track=OP&raceDate=01/03/2026&cy=USA&rn=8,https://www.equibase.com/static/chart/summary/OP010326USA8-EQB.html,Super Cruise,https://www.equibase.com/static/chart/summary/OP010326USA8-EQB.html,,
01/03/2026,https://www.equibase.com/static/chart/summary/OP010326USA9-EQB.html,OP,https://www.equibase.com/static/chart/summary/OP010326USA9-EQB.html,9,https://www.equibase.com/static/chart/summary/OP010326USA9-EQB.html,https://www.equibase.com/premium/chartEmb.cfm?track=OP&raceDate=01/03/2026&cy=USA&rn=9,https://www.equibase.com/static/chart/summary/OP010326USA9-EQB.html,Bourbon Bash,https://www.equibase.com/static/chart/summary/OP010326USA9-EQB.html,,
01/03/2026,https://www.equibase.com/static/chart/summary/OP010326USA10-EQB.html,OP,https://www.equibase.com/static/chart/summary/OP010326USA10-EQB.html,10,https://www.equibase.com/static/chart/summary/OP010326USA10-EQB.html,https://www.equibase.com/premium/chartEmb.cfm?track=OP&raceDate=01/03/2026&cy=USA&rn=10,https://www.equibase.com/static/chart/summary/OP010326USA10-EQB.html,Strategic Risk,https://www.equibase.com/static/chart/summary/OP010326USA10-EQB.html,,
01/03/2026,https://www.equibase.com/static/chart/summary/OP010326USA11-EQB.html,OP,https://www.equibase.com/static/chart/summary/OP010326USA11-EQB.html,11,https://www.equibase.com/static/chart/summary/OP010326USA11-EQB.html,https://www.equibase.com/premium/chartEmb.cfm?track=OP&raceDate=01/03/2026&cy=USA&rn=11,https://www.equibase.com/static/chart/summary/OP010326USA11-EQB.html,Stiglets,https://www.equibase.com/static/chart/summary/OP010326USA11-EQB.html,,
01/04/2026,https://www.equibase.com/static/chart/summary/GP010426USA1-EQB.html,GP,https://www.equibase.com/static/chart/summary/GP010426USA1-EQB.html,1,https://www.equibase.com/static/chart/summary/GP010426USA1-EQB.html,https://www.equibase.com/premium/chartEmb.cfm?track=GP&raceDate=01/04/2026&cy=USA&rn=1,https://www.equibase.com/static/chart/summary/GP010426USA1-EQB.html,Bolero Bay,https://www.equibase.com/static/chart/summary/GP010426USA1-EQB.html,,
01/04/2026,https://www.equibase.com/static/chart/summary/GP010426USA2-EQB.html,GP,https://www.equibase.com/static/chart/summary/GP010426USA2-EQB.html,2,https://www.equibase.com/static/chart/summary/GP010426USA2-EQB.html,https://www.equibase.com/premium/chartEmb.cfm?track=GP&raceDate=01/04/2026&cy=USA&rn=2,https://www.equibase.com/static/chart/summary/GP010426USA2-EQB.html,Storm West,https://www.equibase.com/static/chart/summary/GP010426USA2-EQB.html,,
01/04/2026,https://www.equibase.com/static/chart/summary/GP010426USA3-EQB.html,GP,https://www.equibase.com/static/chart/summary/GP010426USA3-EQB.html,3,https://www.equibase.com/static/chart/summary/GP010426USA3-EQB.html,https://www.equibase.com/premium/chartEmb.cfm?track=GP&raceDate=01/04/2026&cy=USA&rn=3,https://www.equibase.com/static/chart/summary/GP010426USA3-EQB.html,Proud American,https://www.equibase.com/static/chart/summary/GP010426USA3-EQB.html,,
01/04/2026,https://www.equibase.com/static/chart/summary/GP010426USA4-EQB.html,GP,https://www.equibase.com/static/chart/summary/GP010426USA4-EQB.html,4,https://www.equibase.com/static/chart/summary/GP010426USA4-EQB.html,https://www.equibase.com/premium/chartEmb.cfm?track=GP&raceDate=01/04/2026&cy=USA&rn=4,https://www.equibase.com/static/chart/summary/GP010426USA4-EQB.html,Glancing My Way,https://www.equibase.com/static/chart/summary/GP010426USA4-EQB.html,,
01/04/2026,https://www.equibase.com/static/chart/summary/GP010426USA5-EQB.html,GP,https://www.equibase.com/static/chart/summary/GP010426USA5-EQB.html,5,https://www.equibase.com/static/chart/summary/GP010426USA5-EQB.html,https://www.equibase.com/premium/chartEmb.cfm?track=GP&raceDate=01/04/2026&cy=USA&rn=5,https://www.equibase.com/static/chart/summary/GP010426USA5-EQB.html,Jestina,https://www.equibase.com/static/chart/summary/GP010426USA5-EQB.html,,
01/04/2026,https://www.equibase.com/static/chart/summary/GP010426USA6-EQB.html,GP,https://www.equibase.com/static/chart/summary/GP010426USA6-EQB.html,6,https://www.equibase.com/static/chart/summary/GP010426USA6-EQB.html,https://www.equibase.com/premium/chartEmb.cfm?track=GP&raceDate=01/04/2026&cy=USA&rn=6,https://www.equibase.com/static/chart/summary/GP010426USA6-EQB.html,Uncle John,https://www.equibase.com/static/chart/summary/GP010426USA6-EQB.html,,
01/04/2026,https://www.equibase.com/static/chart/summary/GP010426USA7-EQB.html,GP,https://www.equibase.com/static/chart/summary/GP010426USA7-EQB.html,7,https://www.equibase.com/static/chart/summary/GP010426USA7-EQB.html,https://www.equibase.com/premium/chartEmb.cfm?track=GP&raceDate=01/04/2026&cy=USA&rn=7,https://www.equibase.com/static/chart/summary/GP010426USA7-EQB.html,Paradise,https://www.equibase.com/static/chart/summary/GP010426USA7-EQB.html,,
01/04/2026,https://www.equibase.com/static/chart/summary/GP010426USA8-EQB.html,GP,https://www.equibase.com/static/chart/summary/GP010426USA8-EQB.html,8,https://www.equibase.com/static/chart/summary/GP010426USA8-EQB.html,https://www.equibase.com/premium/chartEmb.cfm?track=GP&raceDate=01/04/2026&cy=USA&rn=8,https://www.equibase.com/static/chart/summary/GP010426USA8-EQB.html,Speed Figures,https://www.equibase.com/static/chart/summary/GP010426USA8-EQB.html,,
01/04/2026,https://www.equibase.com/static/chart/summary/GP010426USA9-EQB.html,GP,https://www.equibase.com/static/chart/summary/GP010426USA9-EQB.html,9,https://www.equibase.com/static/chart/summary/GP010426USA9-EQB.html,https://www.equibase.com/premium/chartEmb.cfm?track=GP&raceDate=01/04/2026&cy=USA&rn=9,https://www.equibase.com/static/chart/summary/GP010426USA9-EQB.html,Adios Now,https://www.equibase.com/static/chart/summary/GP010426USA9-EQB.html,,
01/04/2026,https://www.equibase.com/static/chart/summary/GP010426USA10-EQB.html,GP,https://www.equibase.com/static/chart/summary/GP010426USA10-EQB.html,10,https://www.equibase.com/static/chart/summary/GP010426USA10-EQB.html,https://www.equibase.com/premium/chartEmb.cfm?track=GP&raceDate=01/04/2026&cy=USA&rn=10,https://www.equibase.com/static/chart/summary/GP010426USA10-EQB.html,Surprise Ending,https://www.equibase.com/static/chart/summary/GP010426USA10-EQB.html,,
01/03/2026,https://www.equibase.com/static/chart/summary/TP010326USA1-EQB.html,TP,https://www.equibase.com/static/chart/summary/TP010326USA1-EQB.html,1,https://www.equibase.com/static/chart/summary/TP010326USA1-EQB.html,https://www.equibase.com/premium/chartEmb.cfm?track=TP&raceDate=01/03/2026&cy=USA&rn=1,https://www.equibase.com/static/chart/summary/TP010326USA1-EQB.html,Don't Cross Alexis,https://www.equibase.com/static/chart/summary/TP010326USA1-EQB.html,,
01/03/2026,https://www.equibase.com/static/chart/summary/TP010326USA2-EQB.html,TP,https://www.equibase.com/static/chart/summary/TP010326USA2-EQB.html,2,https://www.equibase.com/static/chart/summary/TP010326USA2-EQB.html,https://www.equibase.com/premium/chartEmb.cfm?track=TP&raceDate=01/03/2026&cy=USA&rn=2,https://www.equibase.com/static/chart/summary/TP010326USA2-EQB.html,Frosty the Soldier,https://www.equibase.com/static/chart/summary/TP010326USA2-EQB.html,,
01/03/2026,https://www.equibase.com/static/chart/summary/TP010326USA3-EQB.html,TP,https://www.equibase.com/static/chart/summary/TP010326USA3-EQB.html,3,https://www.equibase.com/static/chart/summary/TP010326USA3-EQB.html,https://www.equibase.com/premium/chartEmb.cfm?track=TP&raceDate=01/03/2026&cy=USA&rn=3,https://www.equibase.com/static/chart/summary/TP010326USA3-EQB.html,Sweet Magnolia,https://www.equibase.com/static/chart/summary/TP010326USA3-EQB.html,,
01/03/2026,https://www.equibase.com/static/chart/summary/TP010326USA4-EQB.html,TP,https://www.equibase.com/static/chart/summary/TP010326USA4-EQB.html,4,https://www.equibase.com/static/chart/summary/TP010326USA4-EQB.html,https://www.equibase.com/premium/chartEmb.cfm?track=TP&raceDate=01/03/2026&cy=USA&rn=4,https://www.equibase.com/static/chart/summary/TP010326USA4-EQB.html,Geraldraydaplegray,https://www.equibase.com/static/chart/summary/TP010326USA4-EQB.html,,
01/03/2026,https://www.equibase.com/static/chart/summary/TP010326USA5-EQB.html,TP,https://www.equibase.com/static/chart/summary/TP010326USA5-EQB.html,5,https://www.equibase.com/static/chart/summary/TP010326USA5-EQB.html,https://www.equibase.com/premium/chartEmb.cfm?track=TP&raceDate=01/03/2026&cy=USA&rn=5,https://www.equibase.com/static/chart/summary/TP010326USA5-EQB.html,Kilo Tango,https://www.equibase.com/static/chart/summary/TP010326USA5-EQB.html,,
01/03/2026,https://www.equibase.com/static/chart/summary/TP010326USA6-EQB.html,TP,https://www.equibase.com/static/chart/summary/TP010326USA6-EQB.html,6,https://www.equibase.com/static/chart/summary/TP010326USA6-EQB.html,https://www.equibase.com/premium/chartEmb.cfm?track=TP&raceDate=01/03/2026&cy=USA&rn=6,https://www.equibase.com/static/chart/summary/TP010326USA6-EQB.html,Hometown Bound,https://www.equibase.com/static/chart/summary/TP010326USA6-EQB.html,,
01/03/2026,https://www.equibase.com/static/chart/summary/TP010326USA7-EQB.html,TP,https://www.equibase.com/static/chart/summary/TP010326USA7-EQB.html,7,https://www.equibase.com/static/chart/summary/TP010326USA7-EQB.html,https://www.equibase.com/premium/chartEmb.cfm?track=TP&raceDate=01/03/2026&cy=USA&rn=7,https://www.equibase.com/static/chart/summary/TP010326USA7-EQB.html,Cynane,https://www.equibase.com/static/chart/summary/TP010326USA7-EQB.html,,
01/03/2026,https://www.equibase.com/static/chart/summary/TP010326USA8-EQB.html,TP,https://www.equibase.com/static/chart/summary/TP010326USA8-EQB.html,8,https://www.equibase.com/static/chart/summary/TP010326USA8-EQB.html,https://www.equibase.com/premium/chartEmb.cfm?track=TP&raceDate=01/03/2026&cy=USA&rn=8,https://www.equibase.com/static/chart/summary/TP010326USA8-EQB.html,Faster,https://www.equibase.com/static/chart/summary/TP010326USA8-EQB.html,,
01/03/2026,https://www.equibase.com/static/chart/summary/TP010326USA9-EQB.html,TP,https://www.equibase.com/static/chart/summary/TP010326USA9-EQB.html,9,https://www.equibase.com/static/chart/summary/TP010326USA9-EQB.html,https://www.equibase.com/premium/chartEmb.cfm?track=TP&raceDate=01/03/2026&cy=USA&rn=9,https://www.equibase.com/static/chart/summary/TP010326USA9-EQB.html,Zafyre,https://www.equibase.com/static/chart/summary/TP010326USA9-EQB.html,,
01/03/2026,https://www.equibase.com/static/chart/summary/GP010326USA1-EQB.html,GP,https://www.equibase.com/static/chart/summary/GP010326USA1-EQB.html,1,https://www.equibase.com/static/chart/summary/GP010326USA1-EQB.html,https://www.equibase.com/premium/chartEmb.cfm?track=GP&raceDate=01/03/2026&cy=USA&rn=1,https://www.equibase.com/static/chart/summary/GP010326USA1-EQB.html,Doctrine,https://www.equibase.com/static/chart/summary/GP010326USA1-EQB.html,,
01/03/2026,https://www.equibase.com/static/chart/summary/GP010326USA2-EQB.html,GP,https://www.equibase.com/static/chart/summary/GP010326USA2-EQB.html,2,https://www.equibase.com/static/chart/summary/GP010326USA2-EQB.html,https://www.equibase.com/premium/chartEmb.cfm?track=GP&raceDate=01/03/2026&cy=USA&rn=2,https://www.equibase.com/static/chart/summary/GP010326USA2-EQB.html,Hillbilly Bob,https://www.equibase.com/static/chart/summary/GP010326USA2-EQB.html,,
01/03/2026,https://www.equibase.com/static/chart/summary/GP010326USA3-EQB.html,GP,https://www.equibase.com/static/chart/summary/GP010326USA3-EQB.html,3,https://www.equibase.com/static/chart/summary/GP010326USA3-EQB.html,https://www.equibase.com/premium/chartEmb.cfm?track=GP&raceDate=01/03/2026&cy=USA&rn=3,https://www.equibase.com/static/chart/summary/GP010326USA3-EQB.html,Compass Rises,https://www.equibase.com/static/chart/summary/GP010326USA3-EQB.html,,
01/03/2026,https://www.equibase.com/static/chart/summary/GP010326USA4-EQB.html,GP,https://www.equibase.com/static/chart/summary/GP010326USA4-EQB.html,4,https://www.equibase.com/static/chart/summary/GP010326USA4-EQB.html,https://www.equibase.com/premium/chartEmb.cfm?track=GP&raceDate=01/03/2026&cy=USA&rn=4,https://www.equibase.com/static/chart/summary/GP010326USA4-EQB.html,Sweeping Shadow,https://www.equibase.com/static/chart/summary/GP010326USA4-EQB.html,,
01/03/2026,https://www.equibase.com/static/chart/summary/GP010326USA5-EQB.html,GP,https://www.equibase.com/static/chart/summary/GP010326USA5-EQB.html,5,https://www.equibase.com/static/chart/summary/GP010326USA5-EQB.html,https://www.equibase.com/premium/chartEmb.cfm?track=GP&raceDate=01/03/2026&cy=USA&rn=5,https://www.equibase.com/static/chart/summary/GP010326USA5-EQB.html,Neural Network,https://www.equibase.com/static/chart/summary/GP010326USA5-EQB.html,,
01/03/2026,https://www.equibase.com/static/chart/summary/GP010326USA6-EQB.html,GP,https://www.equibase.com/static/chart/summary/GP010326USA6-EQB.html,6,https://www.equibase.com/static/chart/summary/GP010326USA6-EQB.html,https://www.equibase.com/premium/chartEmb.cfm?track=GP&raceDate=01/03/2026&cy=USA&rn=6,https://www.equibase.com/static/chart/summary/GP010326USA6-EQB.html,Sister Troienne,https://www.equibase.com/static/chart/summary/GP010326USA6-EQB.html,,
01/03/2026,https://www.equibase.com/static/chart/summary/GP010326USA7-EQB.html,GP,https://www.equibase.com/static/chart/summary/GP010326USA7-EQB.html,7,https://www.equibase.com/static/chart/summary/GP010326USA7-EQB.html,https://www.equibase.com/premium/chartEmb.cfm?track=GP&raceDate=01/03/2026&cy=USA&rn=7,https://www.equibase.com/static/chart/summary/GP010326USA7-EQB.html,Playing Tricks,https://www.equibase.com/static/chart/summary/GP010326USA7-EQB.html,,
01/03/2026,https://www.equibase.com/static/chart/summary/GP010326USA8-EQB.html,GP,https://www.equibase.com/static/chart/summary/GP010326USA8-EQB.html,8,https://www.equibase.com/static/chart/summary/GP010326USA8-EQB.html,https://www.equibase.com/premium/chartEmb.cfm?track=GP&raceDate=01/03/2026&cy=USA&rn=8,https://www.equibase.com/static/chart/summary/GP010326USA8-EQB.html,McRavin,https://www.equibase.com/static/chart/summary/GP010326USA8-EQB.html,,
01/03/2026,https://www.equibase.com/static/chart/summary/GP010326USA9-EQB.html,GP,https://www.equibase.com/static/chart/summary/GP010326USA9-EQB.html,9,https://www.equibase.com/static/chart/summary/GP010326USA9-EQB.html,https://www.equibase.com/premium/chartEmb.cfm?track=GP&raceDate=01/03/2026&cy=USA&rn=9,https://www.equibase.com/static/chart/summary/GP010326USA9-EQB.html,Hollen Drive,https://www.equibase.com/static/chart/summary/GP010326USA9-EQB.html,,
01/03/2026,https://www.equibase.com/static/chart/summary/GP010326USA10-EQB.html,GP,https://www.equibase.com/static/chart/summary/GP010326USA10-EQB.html,10,https://www.equibase.com/static/chart/summary/GP010326USA10-EQB.html,https://www.equibase.com/premium/chartEmb.cfm?track=GP&raceDate=01/03/2026&cy=USA&rn=10,https://www.equibase.com/static/chart/summary/GP010326USA10-EQB.html,Commandment,https://www.equibase.com/static/chart/summary/GP010326USA10-EQB.html,,
01/03/2026,https://www.equibase.com/static/chart/summary/GP010326USA11-EQB.html,GP,https://www.equibase.com/static/chart/summary/GP010326USA11-EQB.html,11,https://www.equibase.com/static/chart/summary/GP010326USA11-EQB.html,https://www.equibase.com/premium/chartEmb.cfm?track=GP&raceDate=01/03/2026&cy=USA&rn=11,https://www.equibase.com/static/chart/summary/GP010326USA11-EQB.html,Pass the Hat,https://www.equibase.com/static/chart/summary/GP010326USA11-EQB.html,,
01/03/2026,https://www.equibase.com/static/chart/summary/AQU010326USA1-EQB.html,AQUEDUCT,https://www.equibase.com/static/chart/summary/AQU010326USA1-EQB.html,1,https://www.equibase.com/static/chart/summary/AQU010326USA1-EQB.html,https://www.equibase.com/premium/chartEmb.cfm?track=AQU&raceDate=01/03/2026&cy=USA&rn=1,https://www.equibase.com/static/chart/summary/AQU010326USA1-EQB.html,Rose Lisa,https://www.equibase.com/static/chart/summary/AQU010326USA1-EQB.html,"[{""wager_type"":""Win"",""wager_type_citation"":""https://www.equibase.com/static/chart/summary/AQU010326USA1-EQB.html"",""payout"":2.52,""payout_citation"":""https://www.equibase.com/static/chart/summary/AQU010326USA1-EQB.html""},{""wager_type"":""Place"",""wager_type_citation"":""https://www.equibase.com/static/chart/summary/AQU010326USA1-EQB.html"",""payout"":2.1,""payout_citation"":""https://www.equibase.com/static/chart/summary/AQU010326USA1-EQB.html""},{""wager_type"":""Show"",""wager_type_citation"":""https://www.equibase.com/static/chart/summary/AQU010326USA1-EQB.html"",""payout"":2.1,""payout_citation"":""https://www.equibase.com/static/chart/summary/AQU010326USA1-EQB.html""},{""wager_type"":""$1 Exacta"",""wager_type_citation"":""https://www.equibase.com/static/chart/summary/AQU010326USA1-EQB.html"",""payout"":3.07,""payout_citation"":""https://www.equibase.com/static/chart/summary/AQU010326USA1-EQB.html""},{""wager_type"":""$0.50 Trifecta"",""wager_type_citation"":""https://www.equibase.com/static/chart/summary/AQU010326USA1-EQB.html"",""payout"":2.17,""payout_citation"":""https://www.equibase.com/static/chart/summary/AQU010326USA1-EQB.html""},{""wager_type"":""$0.10 Superfecta"",""wager_type_citation"":""https://www.equibase.com/static/chart/summary/AQU010326USA1-EQB.html"",""payout"":0.63,""payout_citation"":""https://www.equibase.com/static/chart/summary/AQU010326USA1-EQB.html""}]",
01/03/2026,https://www.equibase.com/static/chart/summary/AQU010326USA2-EQB.html,AQUEDUCT,https://www.equibase.com/static/chart/summary/AQU010326USA2-EQB.html,2,https://www.equibase.com/static/chart/summary/AQU010326USA2-EQB.html,https://www.equibase.com/premium/chartEmb.cfm?track=AQU&raceDate=01/03/2026&cy=USA&rn=2,https://www.equibase.com/static/chart/summary/AQU010326USA2-EQB.html,Funny Uncle,https://www.equibase.com/static/chart/summary/AQU010326USA2-EQB.html,,
01/03/2026,https://www.equibase.com/static/chart/summary/AQU010326USA3-EQB.html,AQUEDUCT,https://www.equibase.com/static/chart/summary/AQU010326USA3-EQB.html,3,https://www.equibase.com/static/chart/summary/AQU010326USA3-EQB.html,https://www.equibase.com/premium/chartEmb.cfm?track=AQU&raceDate=01/03/2026&cy=USA&rn=3,https://www.equibase.com/static/chart/summary/AQU010326USA3-EQB.html,My World,https://www.equibase.com/static/chart/summary/AQU010326USA3-EQB.html,,
01/03/2026,https://www.equibase.com/static/chart/summary/AQU010326USA4-EQB.html,AQUEDUCT,https://www.equibase.com/static/chart/summary/AQU010326USA4-EQB.html,4,https://www.equibase.com/static/chart/summary/AQU010326USA4-EQB.html,https://www.equibase.com/premium/chartEmb.cfm?track=AQU&raceDate=01/03/2026&cy=USA&rn=4,https://www.equibase.com/static/chart/summary/AQU010326USA4-EQB.html,Royal Riddle,https://www.equibase.com/static/chart/summary/AQU010326USA4-EQB.html,,
01/03/2026,https://www.equibase.com/static/chart/summary/AQU010326USA5-EQB.html,AQUEDUCT,https://www.equibase.com/static/chart/summary/AQU010326USA5-EQB.html,5,https://www.equibase.com/static/chart/summary/AQU010326USA5-EQB.html,https://www.equibase.com/premium/chartEmb.cfm?track=AQU&raceDate=01/03/2026&cy=USA&rn=5,https://www.equibase.com/static/chart/summary/AQU010326USA5-EQB.html,Looks First,https://www.equibase.com/static/chart/summary/AQU010326USA5-EQB.html,,
01/03/2026,https://www.equibase.com/static/chart/summary/AQU010326USA6-EQB.html,AQUEDUCT,https://www.equibase.com/static/chart/summary/AQU010326USA6-EQB.html,6,https://www.equibase.com/static/chart/summary/AQU010326USA6-EQB.html,https://www.equibase.com/premium/chartEmb.cfm?track=AQU&raceDate=01/03/2026&cy=USA&rn=6,https://www.equibase.com/static/chart/summary/AQU010326USA6-EQB.html,Porosity,https://www.equibase.com/static/chart/summary/AQU010326USA6-EQB.html,,
01/03/2026,https://www.equibase.com/static/chart/summary/AQU010326USA7-EQB.html,AQUEDUCT,https://www.equibase.com/static/chart/summary/AQU010326USA7-EQB.html,7,https://www.equibase.com/static/chart/summary/AQU010326USA7-EQB.html,https://www.equibase.com/premium/chartEmb.cfm?track=AQU&raceDate=01/03/2026&cy=USA&rn=7,https://www.equibase.com/static/chart/summary/AQU010326USA7-EQB.html,Dazzling Dame,https://www.equibase.com/static/chart/summary/AQU010326USA7-EQB.html,,
01/03/2026,https://www.equibase.com/static/chart/summary/AQU010326USA8-EQB.html,AQUEDUCT,https://www.equibase.com/static/chart/summary/AQU010326USA8-EQB.html,8,https://www.equibase.com/static/chart/summary/AQU010326USA8-EQB.html,https://www.equibase.com/premium/chartEmb.cfm?track=AQU&raceDate=01/03/2026&cy=USA&rn=8,https://www.equibase.com/static/chart/summary/AQU010326USA8-EQB.html,Russian Realm,https://www.equibase.com/static/chart/summary/AQU010326USA8-EQB.html,,
01/03/2026,https://www.equibase.com/static/chart/summary/AQU010326USA9-EQB.html,AQUEDUCT,https://www.equibase.com/static/chart/summary/AQU010326USA9-EQB.html,9,https://www.equibase.com/static/chart/summary/AQU010326USA9-EQB.html,https://www.equibase.com/premium/chartEmb.cfm?track=AQU&raceDate=01/03/2026&cy=USA&rn=9,https://www.equibase.com/static/chart/summary/AQU010326USA9-EQB.html,Vibrant Express,https://www.equibase.com/static/chart/summary/AQU010326USA9-EQB.html,,
01/04/2026,https://www.equibase.com/static/chart/summary/OP010426USA1-EQB.html,OP,https://www.equibase.com/static/chart/summary/OP010426USA1-EQB.html,1,https://www.equibase.com/static/chart/summary/OP010426USA1-EQB.html,https://www.equibase.com/premium/chartEmb.cfm?track=OP&raceDate=01/04/2026&cy=USA&rn=1,https://www.equibase.com/static/chart/summary/OP010426USA1-EQB.html,Extract's Arrow,https://www.equibase.com/static/chart/summary/OP010426USA1-EQB.html,,
01/04/2026,https://www.equibase.com/static/chart/summary/OP010426USA2-EQB.html,OP,https://www.equibase.com/static/chart/summary/OP010426USA2-EQB.html,2,https://www.equibase.com/static/chart/summary/OP010426USA2-EQB.html,https://www.equibase.com/premium/chartEmb.cfm?track=OP&raceDate=01/04/2026&cy=USA&rn=2,https://www.equibase.com/static/chart/summary/OP010426USA2-EQB.html,Boltoro,https://www.equibase.com/static/chart/summary/OP010426USA2-EQB.html,,
01/04/2026,https://www.equibase.com/static/chart/summary/OP010426USA3-EQB.html,OP,https://www.equibase.com/static/chart/summary/OP010426USA3-EQB.html,3,https://www.equibase.com/static/chart/summary/OP010426USA3-EQB.html,https://www.equibase.com/premium/chartEmb.cfm?track=OP&raceDate=01/04/2026&cy=USA&rn=3,https://www.equibase.com/static/chart/summary/OP010426USA3-EQB.html,Maximum Offer,https://www.equibase.com/static/chart/summary/OP010426USA3-EQB.html,,
01/04/2026,https://www.equibase.com/static/chart/summary/OP010426USA4-EQB.html,OP,https://www.equibase.com/static/chart/summary/OP010426USA4-EQB.html,4,https://www.equibase.com/static/chart/summary/OP010426USA4-EQB.html,https://www.equibase.com/premium/chartEmb.cfm?track=OP&raceDate=01/04/2026&cy=USA&rn=4,https://www.equibase.com/static/chart/summary/OP010426USA4-EQB.html,Gettysburg Address,https://www.equibase.com/static/chart/summary/OP010426USA4-EQB.html,,
01/04/2026,https://www.equibase.com/static/chart/summary/OP010426USA5-EQB.html,OP,https://www.equibase.com/static/chart/summary/OP010426USA5-EQB.html,5,https://www.equibase.com/static/chart/summary/OP010426USA5-EQB.html,https://www.equibase.com/premium/chartEmb.cfm?track=OP&raceDate=01/04/2026&cy=USA&rn=5,https://www.equibase.com/static/chart/summary/OP010426USA5-EQB.html,Seize the Night,https://www.equibase.com/static/chart/summary/OP010426USA5-EQB.html,,
01/04/2026,https://www.equibase.com/static/chart/summary/OP010426USA6-EQB.html,OP,https://www.equibase.com/static/chart/summary/OP010426USA6-EQB.html,6,https://www.equibase.com/static/chart/summary/OP010426USA6-EQB.html,https://www.equibase.com/premium/chartEmb.cfm?track=OP&raceDate=01/04/2026&cy=USA&rn=6,https://www.equibase.com/static/chart/summary/OP010426USA6-EQB.html,Sisters in Town,https://www.equibase.com/static/chart/summary/OP010426USA6-EQB.html,,
01/04/2026,https://www.equibase.com/static/chart/summary/OP010426USA7-EQB.html,OP,https://www.equibase.com/static/chart/summary/OP010426USA7-EQB.html,7,https://www.equibase.com/static/chart/summary/OP010426USA7-EQB.html,https://www.equibase.com/premium/chartEmb.cfm?track=OP&raceDate=01/04/2026&cy=USA&rn=7,https://www.equibase.com/static/chart/summary/OP010426USA7-EQB.html,Flyin Private,https://www.equibase.com/static/chart/summary/OP010426USA7-EQB.html,,
01/04/2026,https://www.equibase.com/static/chart/summary/OP010426USA8-EQB.html,OP,https://www.equibase.com/static/chart/summary/OP010426USA8-EQB.html,8,https://www.equibase.com/static/chart/summary/OP010426USA8-EQB.html,https://www.equibase.com/premium/chartEmb.cfm?track=OP&raceDate=01/04/2026&cy=USA&rn=8,https://www.equibase.com/static/chart/summary/OP010426USA8-EQB.html,Titled Lady,https://www.equibase.com/static/chart/summary/OP010426USA8-EQB.html,,
01/04/2026,https://www.equibase.com/static/chart/summary/OP010426USA9-EQB.html,OP,https://www.equibase.com/static/chart/summary/OP010426USA9-EQB.html,9,https://www.equibase.com/static/chart/summary/OP010426USA9-EQB.html,https://www.equibase.com/premium/chartEmb.cfm?track=OP&raceDate=01/04/2026&cy=USA&rn=9,https://www.equibase.com/static/chart/summary/OP010426USA9-EQB.html,Grace Is Free,https://www.equibase.com/static/chart/summary/OP010426USA9-EQB.html,,
01/04/2026,https://www.equibase.com/static/chart/summary/OP010426USA10-EQB.html,OP,https://www.equibase.com/static/chart/summary/OP010426USA10-EQB.html,10,https://www.equibase.com/static/chart/summary/OP010426USA10-EQB.html,https://www.equibase.com/premium/chartEmb.cfm?track=OP&raceDate=01/04/2026&cy=USA&rn=10,https://www.equibase.com/static/chart/summary/OP010426USA10-EQB.html,Thestral,https://www.equibase.com/static/chart/summary/OP010426USA10-EQB.html,,
01/04/2026,https://www.equibase.com/static/chart/summary/OP010426USA11-EQB.html,OP,https://www.equibase.com/static/chart/summary/OP010426USA11-EQB.html,11,https://www.equibase.com/static/chart/summary/OP010426USA11-EQB.html,https://www.equibase.com/premium/chartEmb.cfm?track=OP&raceDate=01/04/2026&cy=USA&rn=11,https://www.equibase.com/static/chart/summary/OP010426USA11-EQB.html,El Prestigio,https://www.equibase.com/static/chart/summary/OP010426USA11-EQB.html,,
01/03/2026,https://www.equibase.com/static/chart/summary/SUN010326USA1-EQB.html,SUNLAND PARK,https://www.equibase.com/static/chart/summary/SUN010326USA1-EQB.html,1,https://www.equibase.com/static/chart/summary/SUN010326USA1-EQB.html,https://www.equibase.com/premium/chartEmb.cfm?track=SUN&raceDate=01/03/2026&cy=USA&rn=1,https://www.equibase.com/static/chart/summary/SUN010326USA1-EQB.html,Wedding Groom,https://www.equibase.com/static/chart/summary/SUN010326USA1-EQB.html,,
01/03/2026,https://www.equibase.com/static/chart/summary/SUN010326USA2-EQB.html,SUNLAND PARK,https://www.equibase.com/static/chart/summary/SUN010326USA2-EQB.html,2,https://www.equibase.com/static/chart/summary/SUN010326USA2-EQB.html,https://www.equibase.com/premium/chartEmb.cfm?track=SUN&raceDate=01/03/2026&cy=USA&rn=2,https://www.equibase.com/static/chart/summary/SUN010326USA2-EQB.html,Mucho Zmoke,https://www.equibase.com/static/chart/summary/SUN010326USA2-EQB.html,,
01/03/2026,https://www.equibase.com/static/chart/summary/SUN010326USA3-EQB.html,SUNLAND PARK,https://www.equibase.com/static/chart/summary/SUN010326USA3-EQB.html,3,https://www.equibase.com/static/chart/summary/SUN010326USA3-EQB.html,https://www.equibase.com/premium/chartEmb.cfm?track=SUN&raceDate=01/03/2026&cy=USA&rn=3,https://www.equibase.com/static/chart/summary/SUN010326USA3-EQB.html,Jp Tlc,https://www.equibase.com/static/chart/summary/SUN010326USA3-EQB.html,,
01/03/2026,https://www.equibase.com/static/chart/summary/SUN010326USA4-EQB.html,SUNLAND PARK,https://www.equibase.com/static/chart/summary/SUN010326USA4-EQB.html,4,https://www.equibase.com/static/chart/summary/SUN010326USA4-EQB.html,https://www.equibase.com/premium/chartEmb.cfm?track=SUN&raceDate=01/03/2026&cy=USA&rn=4,https://www.equibase.com/static/chart/summary/SUN010326USA4-EQB.html,Perrys Down Duck,https://www.equibase.com/static/chart/summary/SUN010326USA4-EQB.html,,
01/03/2026,https://www.equibase.com/static/chart/summary/SUN010326USA5-EQB.html,SUNLAND PARK,https://www.equibase.com/static/chart/summary/SUN010326USA5-EQB.html,5,https://www.equibase.com/static/chart/summary/SUN010326USA5-EQB.html,https://www.equibase.com/premium/chartEmb.cfm?track=SUN&raceDate=01/03/2026&cy=USA&rn=5,https://www.equibase.com/static/chart/summary/SUN010326USA5-EQB.html,Jessie Boy,https://www.equibase.com/static/chart/summary/SUN010326USA5-EQB.html,,
01/03/2026,https://www.equibase.com/static/chart/summary/SUN010326USA6-EQB.html,SUNLAND PARK,https://www.equibase.com/static/chart/summary/SUN010326USA6-EQB.html,6,https://www.equibase.com/static/chart/summary/SUN010326USA6-EQB.html,https://www.equibase.com/premium/chartEmb.cfm?track=SUN&raceDate=01/03/2026&cy=USA&rn=6,https://www.equibase.com/static/chart/summary/SUN010326USA6-EQB.html,B Flyin,https://www.equibase.com/static/chart/summary/SUN010326USA6-EQB.html,,
01/03/2026,https://www.equibase.com/static/chart/summary/SUN010326USA7-EQB.html,SUNLAND PARK,https://www.equibase.com/static/chart/summary/SUN010326USA7-EQB.html,7,https://www.equibase.com/static/chart/summary/SUN010326USA7-EQB.html,https://www.equibase.com/premium/chartEmb.cfm?track=SUN&raceDate=01/03/2026&cy=USA&rn=7,https://www.equibase.com/static/chart/summary/SUN010326USA7-EQB.html,Mistick Gold V,https://www.equibase.com/static/chart/summary/SUN010326USA7-EQB.html,,
01/03/2026,https://www.equibase.com/static/chart/summary/SUN010326USA8-EQB.html,SUNLAND PARK,https://www.equibase.com/static/chart/summary/SUN010326USA8-EQB.html,8,https://www.equibase.com/static/chart/summary/SUN010326USA8-EQB.html,https://www.equibase.com/premium/chartEmb.cfm?track=SUN&raceDate=01/03/2026&cy=USA&rn=8,https://www.equibase.com/static/chart/summary/SUN010326USA8-EQB.html,Daylan,https://www.equibase.com/static/chart/summary/SUN010326USA8-EQB.html,,
01/03/2026,https://www.equibase.com/static/chart/summary/SUN010326USA9-EQB.html,SUNLAND PARK,https://www.equibase.com/static/chart/summary/SUN010326USA9-EQB.html,9,https://www.equibase.com/static/chart/summary/SUN010326USA9-EQB.html,https://www.equibase.com/premium/chartEmb.cfm?track=SUN&raceDate=01/03/2026&cy=USA&rn=9,https://www.equibase.com/static/chart/summary/SUN010326USA9-EQB.html,Lethal Demon,https://www.equibase.com/static/chart/summary/SUN010326USA9-EQB.html,,